col1,col2,col3
50,44.787696692018,C
28,51.74559871458004,C
71,50.34306917232346,A
15,47.984937428111024,B
67,70.34067194922905,A
33,56.96555089085447,A
11,49.711451697744934,B
69,40.66245239316914,A
59,76.32862311998807,A
89,55.628797697732054,C
