test_col1,test_col2,test_col3
92,43.3328833071131,Y
74,57.595218926737765,Y
87,56.10217893440376,Z
20,51.17552348976989,Z
51,54.20817958376708,X
48,37.485394077194655,Z
4,51.30778388588097,Y
93,70.11557932801291,Z
12,32.008298156004074,Y
80,48.027267570696,X
35,47.09700683276788,X
23,53.439833763233544,X
43,41.33611949230788,X
24,40.604480274445685,Y
10,56.61943953826195,X
